Generation, o25, o50, o75, n25, n50, n75 
0,4658.16806165,8057.99532836,11617.8067335,318.413601161,551.541958965,795.640532767
1,9171.06995329,13305.8311004,19069.9768259,627.866206953,911.389456966,1306.6406629
2,4879.43679255,7227.92422532,12968.7676365,333.586141358,494.623445778,888.276796922
3,12390.7412836,13506.8979245,15927.8150232,848.641155509,925.176739325,1091.18059285
4,8086.3699492,9205.42876547,23692.125358,553.487625094,630.222212959,1623.58438159
5,14125.9678843,17789.6795365,41806.488386,967.626767457,1218.84984849,2865.6979874
6,8365.52193524,10291.0262942,12379.6236072,572.629257588,704.662338665,847.878809235
7,17570.1035635,18936.3605337,20302.6175039,1203.7933818,1297.4785072,1391.16363259
8,12982.1604648,16879.0943432,20776.0282215,889.195151835,1156.41043198,1423.62571213
