Generation, o25, o50, o75, n25, n50, n75 
0,3459.12288721,6075.16520643,22539.0375558,196.877383411,346.526767343,1288.33429704
1,6238.0153677,11475.2565821,22467.5487218,355.842528839,655.436276036,1284.24481427
2,12768.4150963,22132.4898157,29467.253138,729.410757851,1265.07793822,1684.65938169
3,5861.57214004,8406.99999097,13311.2779394,334.308283505,479.918202327,760.464953509
4,5505.42459632,11684.5236356,15599.0343979,313.935042554,667.407292483,891.334910044
5,8317.2916324,10613.6087504,24352.4435596,474.786480835,606.146145584,1392.0692746
6,6314.1982013,12927.7580002,17275.9797519,360.200529483,738.525888458,987.263724833
7,8978.52970318,9585.24583197,13441.5518059,512.612271801,547.319162522,767.917204464
