Generation, o25, o50, o75, n25, n50, n75 
0,4956.20278753,5396.60212907,6094.76516728,282.517085465,307.709908098,347.647973237
1,4720.01462661,5336.86347584,7577.50904074,269.006060619,304.292588512,432.467590092
2,4523.15310482,4929.06990978,5683.15564193,257.744696367,280.964962853,324.102057547
3,4976.30435043,5552.8150423,6110.1043926,283.666985252,316.64598916,348.525445899
4,5725.67030796,6546.07099119,7545.46483741,326.534087615,373.464695702,430.634517572
5,4058.88835701,5354.99501262,5526.51273577,231.186665183,305.329793946,315.141378956
6,5050.73918851,5653.68762369,5946.07260903,287.924992693,322.416354398,339.142090296
7,6342.90412371,7198.8456894,7518.85119555,361.842637324,410.806343701,429.112097587
8,9023.38804059,9023.38804059,9023.38804059,515.178370411,515.178370411,515.178370411
