Generation, o25, o50, o75, n25, n50, n75 
0,2373.6045272,5611.70944576,17868.8302401,161.759599853,383.798551494,1224.2772635
1,5617.22568344,6589.26581337,13237.5964387,384.176803485,450.830224801,906.710562014
2,16543.1095472,19203.0375981,33513.2570474,1133.3717369,1315.76472623,2297.02574284
3,8500.8670861,13907.1114991,24009.2934824,581.909962249,952.619643363,1645.33280531
4,11017.3897485,12431.0824094,18421.6321052,754.469551201,851.407372636,1262.18324545
5,13260.2457486,16412.8169869,25126.9638345,908.263639865,1124.43749165,1721.97218529
6,22404.8271416,22404.8271416,22404.8271416,1535.31350908,1535.31350908,1535.31350908
