Generation, o25, o50, o75, n25, n50, n75 
0,4260.70714916,5147.00085846,6089.87202733,291.159448949,351.933182664,416.586469426
1,4760.82821497,5175.40918937,5682.00759955,325.453074369,353.881160314,388.618941433
2,5100.56376269,5629.03744493,6342.49695704,348.748960929,384.986743621,433.909124486
3,5084.26271919,5714.60735163,6085.96779951,347.631187817,390.854327549,416.318753996
4,4828.61746029,5727.65845277,6123.12960543,330.101426829,391.749250007,418.866963098
5,5243.09988574,5415.6591826,5423.91496031,358.522755209,370.355257964,370.921361989
6,4745.47685838,5001.31298741,5257.14911644,324.400421904,341.943270981,359.486120058
7,6304.92272549,6304.92272549,6304.92272549,431.332635091,431.332635091,431.332635091
