Generation, o25, o50, o75, n25, n50, n75 
0,10019.8827139,16417.8663325,24517.5668678,572.182346552,938.175778655,1401.51507032
1,5109.57402913,7670.36694473,14809.0255726,291.290610133,437.779479744,846.142852889
2,6904.87502603,10318.928127,13021.0027478,393.989899891,589.289088867,743.859907302
3,6024.04290725,9513.87175607,13214.2147926,343.602341954,543.236244441,754.912505059
4,9402.20510793,12644.3598795,22668.6947999,536.848410048,722.314241629,1295.75127441
5,6803.20279998,11391.6765297,17023.3228231,388.173791382,650.655121213,972.81061241
6,2430.28548038,2967.85759646,5449.0973074,138.023257478,168.77479976,310.712868348
7,13992.7361599,23923.8616825,26244.9810982,799.447427963,1367.55246407,1500.33093178
8,32386.7954887,32386.7954887,32386.7954887,1851.67033214,1851.67033214,1851.67033214
