Generation, o25, o50, o75, n25, n50, n75 
0,9918.5589899,14256.7443615,28763.8561118,566.386173929,814.549884233,1644.4219089
1,10369.7217979,22194.6964737,33314.9877873,592.194715239,1268.63643878,1904.76710532
2,7181.16480671,12650.5626019,23442.2295566,409.794917707,722.669065242,1340.00094077
3,2061.29022107,7341.56876144,14005.576535,116.915069425,418.970745189,800.181955156
4,9349.04169531,10663.3826296,18768.4342249,533.807223792,608.993435285,1072.63883164
5,6401.67093328,10463.9103588,30342.9127247,365.204363082,597.582724453,1734.75104753
6,14077.7260085,18814.2064875,23236.6838841,804.309229466,1075.25721088,1328.24280404
